Título,Precio,Descripcion,Imagen,URL,Vendedor,Valoración,Tabla
Grifo de cocina doble comando FV D7 Alerce 0428/D7 cromo acabado cromado,74602,"La marca FV es un referente en el rubro de las griferías porque ofrece productos confortables y decorativos desde hace casi 100 años. El modelo 0428/D7 es una solución estética y de gran calidad para tu hogar.

Diseño tradicional
El sistema doble comando tiene dos vías: una para el agua caliente y otra para el agua fría. Te permitirá elegir la temperatura de manera práctica y sencilla.

Flexible y giratorio
Su giro de 360º hará que puedas ajustar la dirección y el ángulo del grifo. Es ideal para lavaplatos grandes o dobles.

Ahorrá agua, evitá salpicaduras
El aireador hace que la salida del agua sea espumosa, suave y con menos presión. Esto minimiza las salpicaduras y posibilita un ahorro de hasta un 30 %. ¿No es genial?

Minimalismo en tu cocina
El metal es un material lleno de ventajas: higiénico, resistente y anticorrosivo. Además, es elegante y aporta un estilo moderno y minimalista.

Consumo inteligente
Este grifo incorpora un cierre cerámico que ayuda a reducir el consumo de agua y requiere un mínimo mantenimiento. Cuidá tu economía y colaborá con el cuidado del ambiente.",https://http2.mlstatic.com/D_NQ_NP_707539-MLA32543858665_102019-O.webp,https://www.mercadolibre.com.ar/grifo-de-cocina-doble-comando-fv-d7-alerce-0428d7-cromo-acabado-cromado/p/MLA8050792?pdp_filters=item_id:MLA821334612#is_advertising=true&searchVariation=MLA8050792&position=1&search_layout=grid&type=pad&tracking_id=fe932aab-82af-4eb7-b666-9babba016887&is_advertising=true&ad_domain=VQCATCORE_LST&ad_position=1&ad_click_id=MjI2YzU4ZWQtMzgyOS00N2ZiLWI2YzMtMWIzOTU0MTcwOGZi,MercadoLíder Platinum,4.8,"Marca:FV, Línea:D7 Alerce, Modelo:0428/D7, Color:Cromo, Acabado:Cromado, Modelo detallado:0428/D7-CR"
Grifo de cocina doble comando Aqualaf AQ7000 19001 cromo,14321,"Sin dudas, la cocina es uno de los lugares más transitados de la casa y, por ello, es muy importante elegir la grifería que se adapte a las necesidades de uso. La marca Aqualaf ofrece un diseño cómodo y práctico que te permitirá regular la salida de agua cuando laves platos, cocines, etc.

Diseño tradicional
El sistema doble comando tiene dos vías: una para el agua caliente y otra para el agua fría. Te permitirá elegir la temperatura de manera práctica y sencilla.

Ahorrá agua, evitá salpicaduras
El aireador hace que la salida del agua sea espumosa, suave y con menos presión. Esto minimiza las salpicaduras y posibilita un ahorro de hasta un 30 %. ¿No es genial?",https://http2.mlstatic.com/D_NQ_NP_704991-MLA44219870160_122020-O.webp,https://www.mercadolibre.com.ar/grifo-de-cocina-doble-comando-aqualaf-aq7000-19001-cromo/p/MLA9338090?pdp_filters=item_id:MLA1139260669#is_advertising=true&searchVariation=MLA9338090&position=2&search_layout=grid&type=pad&tracking_id=fe932aab-82af-4eb7-b666-9babba016887&is_advertising=true&ad_domain=VQCATCORE_LST&ad_position=2&ad_click_id=YjdkM2RkMTctMzY2Ni00MGVlLTlmNTctM2ZhN2RiYzNlZmNh,MercadoLíder Platinum,4.4,"Marca:Aqualaf, Línea:AQ7000, Modelo:19001, Color:Cromo"
Grifo de cocina doble comando FV 15 Allegro 0409/15 cromo,51355,"La marca FV es un referente en el rubro de las griferías porque ofrece productos confortables y decorativos desde hace casi 100 años. El modelo 0409/15 es una solución estética y de gran calidad para tu hogar.

Diseño tradicional
El sistema doble comando tiene dos vías: una para el agua caliente y otra para el agua fría. Te permitirá elegir la temperatura de manera práctica y sencilla.

Flexible y giratorio
Su giro de 360º hará que puedas ajustar la dirección y el ángulo del grifo. Es ideal para lavaplatos grandes o dobles.",https://http2.mlstatic.com/D_NQ_NP_955795-MLA46317431308_062021-O.webp,https://www.mercadolibre.com.ar/grifo-de-cocina-doble-comando-fv-15-allegro-040915-cromo/p/MLA9305338?pdp_filters=item_id:MLA929782236#is_advertising=true&searchVariation=MLA9305338&position=3&search_layout=grid&type=pad&tracking_id=fe932aab-82af-4eb7-b666-9babba016887&is_advertising=true&ad_domain=VQCATCORE_LST&ad_position=3&ad_click_id=ZmY0ZjBhMWItODM2MS00OTBiLWJhN2QtN2ZiNjhlZjMxZDMw,MercadoLíder Platinum,4.8,"Marca:FV, Línea:15 Allegro, Modelo:0409/15, Color:Cromo, Modelo detallado:0409/15-CR"
Griferia Canilla Mezcladora Pared Exterior Lavatorio Cocina,8999,"Somos LIBERCAM Tienda oficial.

Representantes e Importadores directos de
SPICA y SKMEI Tiendas oficiales

Más de 10 años vendiendo en Mercado Libre.
1 millón de compradores nos eligieron y recomendaron. 100% de calificaciones positivas. Elegidos por Mercado Libre como mejores vendedores de todo el sitio.

Somos MERCADO LÍDER PLATINUM.
_______________________________________________________________


Canilla Doble Comando Metal de pared

- Cuerpo de METAL cromado con excelente terminación.
- Cuello de cisne giratorio 360º.
- Mezcladora.
- Aireador espumante.
- Repuestos universales.
- Imágenes 100% reales del producto.

La instalación debe ser realizada por un profesional (no se debe utilizar adhesivo ni apretar de mas las tuercas y o rings).
Se debe contar con buena presión de agua en la cañería. Consultar con su plomero.


_______________________________________________________________
GARANTÍA OFICIAL DE FÁBRICA
Servicio Técnico Oficial: LIBERCAM y SPICA en todo el país.
Si vencida la garantía por alguna razón necesitas servicio técnico, nosotros nos encargamos. Ante imprevistos o inconvenientes te aseguramos que tu producto podrá ser reparado.
_______________________________________________________________
30 DÍAS DE PRUEBA:
Recibí el producto que esperabas o te devolvemos tu dinero. Estamos tan seguros de la excelencia y calidad de nuestros productos que te damos 30 días para que los pruebes. Si no estás conforme, podes devolvernos el producto y te devolveremos el dinero.
_______________________________________________________________
VENTAS MAYORISTAS:
En LIBERCAM somos importadores directos de todos los productos que comercializamos. Somos representantes oficiales de la marca SPICA, consúltanos para ser distribuidor oficial.
_______________________________________________________________
RETIROS EN NUESTRO SHOWROOM:
Sucursal LIBERCAM- Boedo (CABA).
Horarios: Lunes a Viernes de 10 a 18hs - Sábados y Feriados de 10 a 14hs
Sucursal abierta al público en general, no es necesario que nos avises antes de venir. Abrimos de corrido en los horarios de atención. Vení a conocer nuestros mejores productos.
_______________________________________________________________
MEDIOS DE PAGO:
Tanto en Mercado Libre como en nuestra sucursal aceptamos todos los medios de pago con tarjeta y pagos electrónicos.
_______________________________________________________________
EMITIMOS Factura A y B.
Si necesitas factura A te pedimos que coloques la información correspondiente en tus datos de facturación antes de finalizar la compra o te comuniques a la brevedad por la mensajería de la compra una vez realizada.
_______________________________________________________________
NUESTROS PRODUCTOS:
En el siguiente link podes ver todos los productos que tenemos en LIBERCAM para ofrecerte: https://listado.mercadolibre.com.ar/_CustId_13647702
_______________________________________________________________
ENVIOS A DOMICILIO A TODO EL PAIS MEDIANTE MERCADO ENVÍOS:
Para conocer los costos y tiempos de envíos de tu compra podes colocar tu código postal en el cotizador que se encuentra debajo del precio de cada publicación. Ahí podrás ver toda la información detallada.
_______________________________________________________________
ENVIOS POR MOTO FLEX EN CABA:
Podes consultar el costo de envío y la demora de tu compra seleccionando la opción ""MOTO FLEX"" o ""ENVÍO EN EL DÍA”.
_______________________________________________________________
Estamos disponibles on-line de 9hs a 00hs para responder todas tus consultas de manera rápida y eficaz. Para nosotros es un placer asesorarte.

LIBERCAM.",https://http2.mlstatic.com/D_NQ_NP_953915-MLA49514180964_032022-O.webp,https://articulo.mercadolibre.com.ar/MLA-844184244-griferia-canilla-mezcladora-pared-exterior-lavatorio-cocina-_JM#position=25&search_layout=grid&type=item&tracking_id=fe932aab-82af-4eb7-b666-9babba016887,MercadoLíder Platinum,4.1,"Marca:Libercam, Modelo:RGRI-023"
Canilla Griferia Mezcladora Cocina Pico Flexible Con Lluvia,11970,"GRIFERÍA PARA COCINA FLEXIBLE DUCHADOR:

* INCLUYE set de Instalación para fijación
* Manijas Comandos
* Material del duchador: ABS Macizo de alta calidad
* Material de manguera flexible: Acero inoxidable
* Material del cuerpo: Bronce 100%
* Material del mando: ABS
* Acabado: Cromado
* Vástago de bronce y cerámico de 35mm
* Cierre cerámico
* Griferia no apta para filtro de agua
* Para conexiones de 1/2
*Espesor maximo de mesada 3,5 cm
*Pico flexible y giratorio 360 grados
*Cabezal con boton para seleccionar 2 salidas de agua, a chorro y tipo lluvia
* No incluye flexibles



- La garantía tiene una duración de 3 meses, cubre los defectos de fabricación y rige a partir de la fecha de retiro o envío del producto. No están cubiertas por la garantía todas las piezas estropeadas por incorrecto uso o instalación incorrecta del mismo (la instalación del producto sin conocimiento previo lo cual genere un mal funcionamiento). O en caso de instalación y notar posterior falla del producto, que este mismo sea retornado en malas condiciones ya sean ralladuras o abolladuras. EN CASO DE DEVOLUCIONES O CAMBIOS DE PRODUCTOS EL COMPRADOR SE HACE CARGO DE LOS COSTOS DE ENVIO. GRACIAS !!",https://http2.mlstatic.com/D_NQ_NP_984591-MLA46428401525_062021-O.webp,https://articulo.mercadolibre.com.ar/MLA-926000173-canilla-griferia-mezcladora-cocina-pico-flexible-con-lluvia-_JM#position=26&search_layout=grid&type=item&tracking_id=fe932aab-82af-4eb7-b666-9babba016887,MercadoLíder Platinum,4.4,"Marca:Genérica, Línea:Cocina, Modelo:GR12, Acabado:Brillante"
Grifería Pared Exterior Canilla Mezcladora Premium Cromado,14249,"Grifería Pared Exterior Canilla Mezcladora Premium Cromado - Cierre Ceramico - Griferias Cocina Doble Comando - -Pico Móvil Giratorio -Mezcladora, Agua Fría y Agua Caliente
-Para Lavadero o Cocina -Rosca de 1/2""

TIENDA GAVATEX1 - ¡Somos MercadoLider Platinum! ¡Somos uno de los mejores del sitio!

-Cierre Ceramico
-Accesorios de Instalación
-Aireador (ahorra consumo y evita salpicaduras)
-Cromado de Excelente Calidad
-Pico Móvil Giratorio
-Mezcladora, Agua Fría y Agua Caliente
-Para Lavadero o Cocina
-Rosca de 1/2""

""MEDIDAS SEGUN LA IMAGEN DEL PLANO PUBLICADO""

FOTOS REALES!

-----------------------------------------------------------
ENTREGA
-----------------------------------------------------------

Retiro por tienda - Sin Cargo

-----------------------------------------------------------

LA ENTREGA ES SIEMPRE A CARGO DEL COMPRADOR

Entrega a domicilio dentro de CABA: Consultar. Se realiza a partir de las 48 hs hábiles.

Entregas en GBA / La Plata: Consultar.

Para otras zonas del país: Consultar.

-----------------------------------------------------------
PAGOS
-----------------------------------------------------------
Podes pagar con todos los medios de pago disponibles en Mercado Pago.

FACTURACION
-----------------------------------------------------
Realizamos Factura A / B
Por favor enviar los datos de facturación al confirmar el pedido.
-----------------------------------------------------------
HORARIO DE ATENCIÓN
-----------------------------------------------------------
Lunes a Viernes (hábiles) de 9 a 17:00 hs

Visita nuestro eShop para conocer nuestros productos:

https://eshops.mercadolibre.com.ar/gavatex1",https://http2.mlstatic.com/D_NQ_NP_669736-MLA49389302557_032022-O.webp,https://articulo.mercadolibre.com.ar/MLA-855536471-griferia-pared-exterior-canilla-mezcladora-premium-cromado-_JM#position=27&search_layout=grid&type=item&tracking_id=fe932aab-82af-4eb7-b666-9babba016887,MercadoLíder Platinum,4.3,"Marca:GAVATEX, Línea:Giraffe, Modelo:400.22"
Grifería Canilla Mezcladora Pared Exterior,13500,"CARACTERÍSTICAS :

Canilla Pared Exterior Pico Móvil Para Cocina, Lavadero, Bar, Cierre Cerámico
VOLANTES/MANIJAS DE METAL

- Medidas ajustable para instalaciones de 12,5 cm a 16,5 cm. ( tomadas entre centro de agua fría y centro de agua caliente),
- Medida de la pared al pico 16 cm aproximadamente.
- Mezcladora De Agua Fría y Caliente.
- Material: Íntegramente de Metal Con Terminación Cromado
- Ideal Para Cocina, Lavadero, Bar.
- Pico Móvil Giratorio De Acero Inoxidable.
- Aireador Espumante ( Evita Salpicar El Agua Y Ahorra El Consumo De Agua)
- Se puede desenroscar el pico para instalar Filtro De Agua
- Vástago de bronce y Cerámico con rosca de 1/2"" y 1/4 de Vuelta
- Cierre cerámico
- Kit de Codos Extensibles y Campanas.
- Para Instalaciones Con Conexión de 1/2 pulgada
"" LAS FOTOS SON SOLO A TÍTULO INFORMATIVO, ALGUNAS PIEZAS PUEDEN VARIAR""

- La garantía tiene una duración de 3 meses, cubre los defectos de fabricación y rige a partir de la fecha de envío del producto. No están cubiertas por la garantía todas las piezas estropeadas por incorrecto uso o instalación incorrecta del mismo (la instalación del producto sin conocimiento previo lo cual genere un mal funcionamiento). O en caso de instalación y notar posterior falla del producto, que este mismo sea retornado en malas condiciones ya sean ralladuras o abolladuras.

EN CASO DE DEVOLUCIONES O CAMBIOS DE PRODUCTOS EL COMPRADOR SE HACE CARGO DE LOS COSTOS DE ENVIO. GRACIAS !!",https://http2.mlstatic.com/D_NQ_NP_962651-MLA49356478489_032022-O.webp,https://articulo.mercadolibre.com.ar/MLA-810187902-griferia-canilla-mezcladora-pared-exterior-_JM#position=28&search_layout=grid&type=item&tracking_id=fe932aab-82af-4eb7-b666-9babba016887,MercadoLíder Platinum,4.4,"Marca:Genérica, Modelo:Canilla Pared Exterior Pico Móvil Para Cocina, Lavadero, Bar, Cierre Cerámico, Acabado:Cromado"
Canilla Doble Comando Griferi Cocina Negro Pico Flex Lluvia,15999,"// GRIFERIA DE COCINA CANILLA PICO FLEXIBLE NEGRO MATE //


- Descripción -

- Grifería de primera calidad para mesada de diseño moderno, con la combinación de colores Negro y Plateado.

- Grifería mezcladora para mesada con Manguera flexible pico lluvia regulable.

- La punta del pico NO es removible.

- Color: negro Mate. Conexión de bronce. Estructura metálica. Válvula de bronce con cierre cerámico.

Cartucho cierre cerámico de 40 mm.

<<<<< NO INCLUYE KIT DE INSTALACION NI FLEXIBLES >>>>>>


-----------------------------------------------------------------------------------------------------------------------------------


CENTRALFER BOEDO S.A.

HORARIOS:
LUNES A VIERNES 8.30 A 13 Y DE 14.30 A 20
SABADOS DE 8.30 A 14 Y DE 15.30 A 19.



SI TU PEDIDO ES URGENTE: Envíos en el día. Moto privada para todo capital federal y GBA

- Capital Federal: Envíos en el día por Flex
- GBA consultar costo de envío
- Envíos por Mercado Envíos


• Mercado líder PLATINUM
• Somos distribuidores oficiales de la marca en toda Argentina.
• Empresa líder con amplia trayectoria en el rubro.
• Empresa líder trabajando junto a Mercado Libre desde sus inicios hace más de 12 años.


• Personal capacitado para ofrecer asistencia inmediata
• Garantía por escrito
• Servicie propio


ESTAMOS A 5 CUADRAS DE LA ESTACION BOEDO DEL SUBTE E.


NO ES NECESARIO CONSULTAR STOCK: SI LO VES PUBLICADO ES PORQUE HAY DISPONIBILIDA",https://http2.mlstatic.com/D_NQ_NP_721157-MLA53457939510_012023-O.webp,https://articulo.mercadolibre.com.ar/MLA-1320245943-canilla-doble-comando-griferi-cocina-negro-pico-flex-lluvia-_JM#position=29&search_layout=grid&type=item&tracking_id=fe932aab-82af-4eb7-b666-9babba016887,MercadoLíder Platinum,4.8,"Marca:Electroland, Modelo:DL308"
Grifo de cocina doble comando Libercam GRI-22 gris acabado cromado,9499,"Sin dudas, la cocina es uno de los lugares más transitados de la casa y, por ello, es muy importante elegir la grifería que se adapte a las necesidades de uso. La marca Libercam ofrece un diseño cómodo y práctico que te permitirá regular la salida de agua cuando laves platos, cocines, etc.

Diseño tradicional
El sistema doble comando tiene dos vías: una para el agua caliente y otra para el agua fría. Te permitirá elegir la temperatura de manera práctica y sencilla.

Ahorrá agua, evitá salpicaduras
El aireador hace que la salida del agua sea espumosa, suave y con menos presión. Esto minimiza las salpicaduras y posibilita un ahorro de hasta un 30 %. ¿No es genial?

Pico flexible para agilizar las tareas
Su pico flexible te permite realizar varias acciones al mismo tiempo. Lavá los platos mientras desinfectás las verduras y ¡ganá tiempo para lo importante!

Consumo inteligente
Este grifo incorpora un cierre cerámico que ayuda a reducir el consumo de agua y requiere un mínimo mantenimiento. Cuidá tu economía y colaborá con el cuidado del ambiente.",https://http2.mlstatic.com/D_NQ_NP_791155-MLA50018024706_052022-O.webp,https://www.mercadolibre.com.ar/grifo-de-cocina-doble-comando-libercam-gri-22-gris-acabado-cromado/p/MLA19111665?pdp_filters=category:MLA53260#searchVariation=MLA19111665&position=4&search_layout=grid&type=product&tracking_id=fe932aab-82af-4eb7-b666-9babba016887,MercadoLíder Platinum,3.9,"Marca:Libercam, Modelo:GRI-22, Color:Gris, Acabado:Cromado"
Griferia Cocina Pared Canilla Mezcladora Volare Roma Metal,26962,"Grifería de cocina para pared de 2 llaves con volantes METALICOS, sistema de cierre convencional y sistema de filtro aireador en su pico que evita salpicaduras y le permitirá un mayor ahorro de agua.
El set viene completo tal cual se ve en la foto (arandelas-tuercas-orings-conectores excéntricos de bronce).

- Marca: VOLARE
- Modelo: ROMA METAL
- Material volante: METAL
- Material campana: ABS cromo
- Material del cuadro y vástago: Bronce
- Pico móvil con filtro aireador para mayor ahorro de agua
- Incluye conectores excéntricos
- Tipo de cierre: Convencional
- Excelente nivel de cromado

IMPORTANTE - MEDIDAS:
Del centro de rosca a rosca tiene 15,5cm y utilizando los excentricos varia de 13 a 17,5cm. La altura total es de 25cm y el pico sobresale 18cm.

Mercado pago
Mercado envios


Cualquier consulta estamos a disposición.",https://http2.mlstatic.com/D_NQ_NP_630442-MLA31614855117_072019-O.webp,https://articulo.mercadolibre.com.ar/MLA-776853269-griferia-cocina-pared-canilla-mezcladora-volare-roma-metal-_JM#is_advertising=true&position=10&search_layout=grid&type=pad&tracking_id=fe932aab-82af-4eb7-b666-9babba016887&is_advertising=true&ad_domain=VQCATCORE_LST&ad_position=10&ad_click_id=NTMxNGIxMmItNGVkMi00NTUzLWJjYjUtZDhjYTU5OGU3MjEx,MercadoLíder Gold,4.3,"Marca:Cafu, Modelo:VOLARE ROMA METAL"
Griferia Cocina Canilla Mesada Optima Cromo,21052,"Disfruta de la elegancia y funcionalidad de la Grifería Cocina Canilla Mesada Optima Cromo de Piazza. Esta grifería de cocina de doble comando te permite controlar la temperatura del agua con precisión, facilitando tus tareas diarias en la cocina. Su diseño en color plateado y materiales de alta calidad, como metal y ABS, le otorgan durabilidad y resistencia al paso del tiempo. La línea Optima se adapta perfectamente a la mesada de tu cocina, con dos agujeros para una instalación sencilla. Además, cuenta con la ventaja de ser mezclador, permitiéndote combinar agua caliente y fría según tus necesidades. Aunque no incluye filtro de agua, esta grifería de cocina Piazza es la opción ideal para quienes buscan estilo y practicidad en un solo producto.",https://http2.mlstatic.com/D_NQ_NP_763349-MLA44199058460_112020-O.webp,https://www.mercadolibre.com.ar/griferia-cocina-canilla-mesada-optima-cromo/p/MLA20028421?pdp_filters=item_id:MLA1281723273#is_advertising=true&searchVariation=MLA20028421&position=11&search_layout=grid&type=pad&tracking_id=fe932aab-82af-4eb7-b666-9babba016887&is_advertising=true&ad_domain=VQCATCORE_LST&ad_position=11&ad_click_id=ZjY1NjEwNTItZGI5ZS00NjhlLTk5NzUtNTU3MjM5ODkwNTk4,MercadoLíder Platinum,4.8,"Marca:Piazza, Línea:Optima, Modelo:Optima, Color:Plateado"
Grifo de cocina doble comando Peirano Ares 914 blanco cromo,25008,"Los grifos de la marca Peirano tienen como respaldo más de 80 años de trayectoria en el rubro sanitario. Además, cuentan con calidad certificada ISO 9001. Este modelo 914 es una solución para darle un toque diferente a tu cocina.

Diseño tradicional
El sistema doble comando tiene dos vías: una para el agua caliente y otra para el agua fría. Te permitirá elegir la temperatura de manera práctica y sencilla.

Flexible y giratorio
Su giro de 360º hará que puedas ajustar la dirección y el ángulo del grifo. Es ideal para lavaplatos grandes o dobles.

Ahorrá agua, evitá salpicaduras
El aireador hace que la salida del agua sea espumosa, suave y con menos presión. Esto minimiza las salpicaduras y posibilita un ahorro de hasta un 30 %. ¿No es genial?

Minimalismo en tu cocina
El metal es un material lleno de ventajas: higiénico, resistente y anticorrosivo. Además, es elegante y aporta un estilo moderno y minimalista.",https://http2.mlstatic.com/D_NQ_NP_915159-MLA41562062331_042020-O.webp,https://www.mercadolibre.com.ar/grifo-de-cocina-doble-comando-peirano-ares-914-blanco-cromo/p/MLA15583094?pdp_filters=item_id:MLA1136392150#is_advertising=true&searchVariation=MLA15583094&position=12&search_layout=grid&type=pad&tracking_id=fe932aab-82af-4eb7-b666-9babba016887&is_advertising=true&ad_domain=VQCATCORE_LST&ad_position=12&ad_click_id=MWZiNmVjYTctMTc3OC00ZGE1LTllYjctOTViNTRlOTNkMDE5,MercadoLíder Platinum,4.6,"Marca:Peirano, Línea:Ares, Modelo:914, Color:Blanco cromo"
Griferia Canilla Cocina Ext Doble Comando Mesada 2 Agujeros,9999,"Grifería de mesada para cocina doble comando.

Características:
• Material: Cuerpo de bronce con terminación de excelente cromado.
• Extensible (fijarse en última foto para las medidas)
• Uso: Para cocina
• Material de alta calidad-El accesorio de agua está hecho de metal resistente y tiene una larga vida útil.
• El grifo de agua es duradero con revestimiento de cromo, fácil de mantener y fácil de limpiar
• Fácil montaje automático.

Dimensiones:
- Ancho total: 24cm
- Profundidad: 12,5 cm
- Diámetro de rosca: 1/2""


CENTRALFER BOEDO S.A.

HORARIOS:
LUNES A VIERNES 8.30 A 13 Y DE 14.30 A 20
SABADOS DE 8.30 A 14 Y DE 15.30 A 19.



SI TU PEDIDO ES URGENTE: Envios en el dia. Moto privada para todo capital federal y GBA

- Capital Federal: Envios en el dia por Flex
- GBA consultar costo de envio
- Envios por Mercado Envios


• Mercado lider PLATINUM
• Somos distribuidores oficiales de la marca en toda Argentina.
• Empresa líder con amplia trayectoria en el rubro.
• Empresa líder trabajando junto a Mercado Libre desde sus inicios hace más de 12 años.


• Personal capacitado para ofrecer asistencia inmediata
• Garantía por escrito
• Servicie propio


ESTAMOS A 5 CUADRAS DE LA ESTACION BOEDO DEL SUBTE E.


NO ES NECESARIO CONSULTAR STOCK: SI LO VES PUBLICADO ES PORQUE HAY DISPONIBILIDAD",https://http2.mlstatic.com/D_NQ_NP_805937-MLA32276290627_092019-O.webp,https://articulo.mercadolibre.com.ar/MLA-816237067-griferia-canilla-cocina-ext-doble-comando-mesada-2-agujeros-_JM#position=30&search_layout=grid&type=item&tracking_id=fe932aab-82af-4eb7-b666-9babba016887,MercadoLíder Platinum,3.2,"Marca:BRASSCO, Modelo:BFA30301"
Canilla Doble Comando Flexible Negra Diseño P/ Cocina Mesada,15999,"Grifería para Cocina DOBLE COMANDO de Manguera Flexible

En Centralfer Boedo S.A.

Color: Negro
Acabado cromado y de goma
Cierre cerámico / Monocomando Cartucho de
Aireador Plástico (Pico)
Manija plástica
Incluye fijacion


CENTRALFER BOEDO S.A.

HORARIOS:
LUNES A VIERNES 8.30 A 14 Y DE 15 A 19
SABADOS DE 8.30 A 14


SI TU PEDIDO ES URGENTE: Envios en el dia. Moto privada para todo capital federal y GBA

- Capital Federal: Envios en el dia por Flex
- GBA consultar costo de envio
- Envios por Mercado Envios


• Mercado lider PLATINUM
• Somos distribuidores oficiales de la marca en toda Argentina.
• Empresa líder con amplia trayectoria en el rubro.
• Empresa líder trabajando junto a Mercado Libre desde sus inicios hace más de 12 años.


• Personal capacitado para ofrecer asistencia inmediata
• Garantía por escrito
• Servicie propio



NO ES NECESARIO CONSULTAR STOCK: SI LO VES PUBLICADO ES PORQUE HAY DISPONIBILIDAD",https://http2.mlstatic.com/D_NQ_NP_690688-MLA53475905515_012023-O.webp,https://articulo.mercadolibre.com.ar/MLA-899948251-canilla-doble-comando-flexible-negra-diseno-p-cocina-mesada-_JM#position=31&search_layout=grid&type=item&tracking_id=fe932aab-82af-4eb7-b666-9babba016887,MercadoLíder Platinum,4.2,"Marca:Centralfer, Modelo:CR-TAP 100"
Griferia Canilla Mezcladora Pared Exterior Lavatorio Cocina.,10999,"Canilla Doble Comando Metal para amurar

Cuerpo de METAL cromado con excelente terminación
Pico giratorio - agua fría y caliente (mezcladora)
Aireador espumante.
Presentación en caja individual
Repuestos universales
Imágenes 100% reales del producto

La instalación debe ser realizada por un profesional (no se debe utilizar adhesivo ni apretar de mas las tuercas y orings)
Se debe contar con buena presión de agua en la cañería. Consultar con su plomero.



CENTRALFER BOEDO S.A.

HORARIOS:
LUNES A VIERNES 8.30 A 18
SÁBADOS DE 8.30 A 14


SI TU PEDIDO ES URGENTE: Envíos en el dia. Moto privada para todo capital federal y GBA

- Capital Federal: Envios en el dia por Flex
- GBA consultar costo de envío
- Envios por Mercadoenvios


• Mercado lider PLATINUM
• Somos distribuidores oficiales de la marca en toda Argentina.
• Empresa líder con amplia trayectoria en el rubro.
• Empresa líder trabajando junto a Mercado Libre desde sus inicios hace más de 12 años.


• Personal capacitado para ofrecer asistencia inmediata
• Garantía por escrito
• Service propio



NO ES NECESARIO CONSULTAR STOCK: SI LO VES PUBLICADO ES PORQUE HAY DISPONIBILIDAD",https://http2.mlstatic.com/D_NQ_NP_602569-MLA51527900940_092022-O.webp,https://articulo.mercadolibre.com.ar/MLA-858781222-griferia-canilla-mezcladora-pared-exterior-lavatorio-cocina-_JM#position=32&search_layout=grid&type=item&tracking_id=fe932aab-82af-4eb7-b666-9babba016887,MercadoLíder Platinum,4.4,"Marca:Centralfer, Modelo:M001, Acabado:Cromada"
Canilla Griferia Mezcladora Mesada Cocina Cierre Ceramico,15741,"Canilla Mesada Pico Móvil Para Cocina, Lavadero, Bar, Cierre Cerámico
VOLANTES/MANIJAS DE METAL

- Mezcladora De Agua Fría y Caliente.
- Material: Íntegramente de Metal Con Terminación De Excelente Cromado
- Ideal Para Cocina, Lavadero, Bar.
- Pico Móvil Giratorio De Acero Inoxidable.
- Aireador Espumante ( Evita Salpicar El Agua Y Ahorra El Consumo De Agua)
- Se Puede Desenroscar El pico para Instalar Filtro
- Vástago de bronce y Cerámico con rosca de 1/2"" y 1/4 de Vuelta
- Cierre cerámico

-EL ESPESOR MAXIMO DE LA MESADA DEBE SER COMO MAXIMO DE 30MM
-DISTANCIA ENTRE CENTRO DE CAÑOS DE AGUA FRIA Y CALIENTE 16 CM
- NO INCLUYE FLEXIBLES
-LA MEDIDA DE LOS AGUJEROS DEBE SER DE ENTRE 20MM Y 25MM
- PARA INSTALACNES CON CONEXION DE 1/2 PULGADA
* PREGUNTAS FRECUENTES *

_____________________
HORARIOS:
Lunes a viernes de 10 a 21hs a través del sitio, tendrás la mejor atención personalizada.
_____________________
RETIRO:
¡Te esperamos! de Lunes a viernes de 10 a 17hs.
Estamos en pleno Centro, a tres cuadras de la estación de Constitución y a 10 minutos del Obelisco, una zona de muy fácil acceso. Luego realizada la compra un representante te comunicará como proceder para retirar por nuestro depósito.
_____________________
ENVÍOS:
Si estás en AMBA te lo podemos enviar en el día abonando hasta las 14hs (verifica tu código postal).
Si sos del interior Y GBA, realizamos envíos súper express a todo el país garantizados.
_____________________
MEDIOS DE PAGO:
Tanto en Mercado Libre como en nuestra sucursal aceptamos todos los medios de pago con tarjeta y pagos electrónicos.
_____________________
FACTURA:
Emitimos factura A y B. Si necesitas factura A te pedimos que coloques la información correspondiente en tus datos de facturación antes de finalizar la compra o te comuniques a la brevedad por la mensajería de la compra una vez realizada.
_____________________
VENTA MAYORISTA
Realizamos venta mayorista de todos nuestros productos ¡Consulte!
_____________________
GARANTÍA:
TODOS nuestros productos cuentan con garantía del vendedor. Podrás ver el período de la misma detallado en cada publicación.",https://http2.mlstatic.com/D_NQ_NP_818300-MLA70129814056_062023-O.webp,https://articulo.mercadolibre.com.ar/MLA-1386219830-canilla-griferia-mezcladora-mesada-cocina-cierre-ceramico-_JM#position=33&search_layout=grid&type=item&tracking_id=fe932aab-82af-4eb7-b666-9babba016887,MercadoLíder Platinum,4.3,"Marca:Genérica, Línea:Cocina, Modelo:B0802"
Repuesto Griferia Pico Canilla J Cocina Movil Universal,2390,"Sin dudas, la cocina es uno de los lugares más transitados de la casa y, por ello, es muy importante elegir la grifería que se adapte a las necesidades de uso. La marca Tauro ofrece un diseño cómodo y práctico que te permitirá regular la salida de agua cuando laves platos, cocines, etc.

Diseño tradicional
El sistema doble comando tiene dos vías: una para el agua caliente y otra para el agua fría. Te permitirá elegir la temperatura de manera práctica y sencilla.

Ahorrá agua, evitá salpicaduras
El aireador hace que la salida del agua sea espumosa, suave y con menos presión. Esto minimiza las salpicaduras y posibilita un ahorro de hasta un 30 %. ¿No es genial?

Minimalismo en tu cocina
El metal es un material lleno de ventajas: higiénico, resistente y anticorrosivo. Además, es elegante y aporta un estilo moderno y minimalista.",https://http2.mlstatic.com/D_NQ_NP_626070-MLA52066786366_102022-O.webp,https://www.mercadolibre.com.ar/repuesto-griferia-pico-canilla-j-cocina-movil-universal/p/MLA19926808?pdp_filters=category:MLA53260#searchVariation=MLA19926808&position=5&search_layout=grid&type=product&tracking_id=fe932aab-82af-4eb7-b666-9babba016887,MercadoLíder Platinum,4.9,"Marca:Tauro, Modelo:Gri 24, Color:Plateado, Acabado:Brillante"
Grifo de cocina doble comando FV B6 Pampa 0413/B6 cromo acabado cromado,21900,"La marca FV es un referente en el rubro de las griferías porque ofrece productos confortables y decorativos desde hace casi 100 años. El modelo 0413/B6 es una solución estética y de gran calidad para tu hogar.

Diseño tradicional
El sistema doble comando tiene dos vías: una para el agua caliente y otra para el agua fría. Te permitirá elegir la temperatura de manera práctica y sencilla.

Flexible y giratorio
Su giro de 360º hará que puedas ajustar la dirección y el ángulo del grifo. Es ideal para lavaplatos grandes o dobles.

Minimalismo en tu cocina
El metal es un material lleno de ventajas: higiénico, resistente y anticorrosivo. Además, es elegante y aporta un estilo moderno y minimalista.",https://http2.mlstatic.com/D_NQ_NP_740241-MLA27468709991_052018-O.webp,https://www.mercadolibre.com.ar/grifo-de-cocina-doble-comando-fv-b6-pampa-0413b6-cromo-acabado-cromado/p/MLA9295275?pdp_filters=category:MLA53260#searchVariation=MLA9295275&position=6&search_layout=grid&type=product&tracking_id=fe932aab-82af-4eb7-b666-9babba016887,MercadoLíder Platinum,4.5,"Marca:FV, Línea:B6 Pampa, Modelo:0413/B6, Color:Cromo, Acabado:Cromado, Modelo detallado:0413/B6-CR"
Grifería Pared Exterior Canilla Mezcladora Vintage Retro Gx,14999,"Canilla de Pared Exterior Mezcladora Premium Cromado
Grifería de excelente calidad GAVATEX 100% garantizada que no puede faltar en tu casa
TIENDA GAVATEX1 - ¡Somos MercadoLider Platinum! ¡Somos uno de los mejores del sitio!

-Accesorios de Instalación
-Aireador (ahorra consumo y evita salpicaduras)
-Cromado de Excelente Calidad
-Pico Móvil Giratorio
-Mezcladora, Agua Fría y Agua Caliente
-Para Lavadero o Cocina
-Rosca de 1/2""

""MEDIDAS SEGUN LA IMAGEN DEL PLANO PUBLICADO""

FOTOS REALES!

-----------------------------------------------------------
ENTREGA
-----------------------------------------------------------

Retiro por tienda - Sin Cargo

-----------------------------------------------------------

LA ENTREGA ES SIEMPRE A CARGO DEL COMPRADOR

Entrega a domicilio dentro de CABA: Consultar. Se realiza a partir de las 48 hs hábiles.

Entregas en GBA / La Plata: Consultar.

Para otras zonas del país: Consultar.

-----------------------------------------------------------
PAGOS
-----------------------------------------------------------
Podes pagar con todos los medios de pago disponibles en Mercado Pago.

FACTURACION
-----------------------------------------------------
Realizamos Factura A / B
Por favor enviar los datos de facturación al confirmar el pedido.
-----------------------------------------------------------
HORARIO DE ATENCIÓN
-----------------------------------------------------------
Lunes a Viernes (hábiles) de 9 a 17:00 hs

Visita nuestro eShop para conocer nuestros productos:

https://eshops.mercadolibre.com.ar/gavatex1",https://http2.mlstatic.com/D_NQ_NP_657722-MLA49389339520_032022-O.webp,https://articulo.mercadolibre.com.ar/MLA-856109093-griferia-pared-exterior-canilla-mezcladora-vintage-retro-gx-_JM#position=35&search_layout=grid&type=item&tracking_id=fe932aab-82af-4eb7-b666-9babba016887,MercadoLíder Platinum,4.2,"Marca:GAVATEX, Modelo:Grifería Pared Exterior Canilla Mezcladora Retro Vintage, Acabado:Cromado Retro"
Griferia Canilla Gadnic Cocina Doble Función 55 Cm Premium,56749,"Cod. : GRIFI001
Griferia Canilla Gadnic Cocina Gourmet Doble Función 55 Cm Premium

_______________________________________________________________

Comprá AHORA y asegurate ésta OFERTA BOMBA por Tiempo Limitado.
¡ULTIMAS UNIDADES DISPONIBLES!

Somos BIDCOM

Tienda Oficial GADNIC

Nuestro propósito es facilitar el acceso a productos innovadores y de interés, brindando una experiencia extraordinaria. Más de 15 años vendiendo en MercadoLibre. Más de 5 millones de compradores nos eligieron y recomendaron, 100 porciento de opiniones positivas. Hemos sido elegidos por MercadoLibre como los mejores vendedores de todo el sitio.

_______________________________________________________________

Griferia Canilla Gadnic Cocina Gourmet Doble Función 55 Cm Premium

ACERCA DE ÉSTE PRODUCTO:

¡GADNIC se enorgullece de presentar la nueva Canilla de Cocina!

Sin dudas, la cocina es uno de los lugares más transitados de la casa y, por ello, es muy importante elegir la grifería que se adapte a las necesidades de uso. La marca Gadnic ofrece un diseño cómodo y práctico que te permitirá regular la salida de agua cuando laves platos, cocines, etc.

Diseño de vanguardia pensado para vos
El control monocomando es un sistema moderno, durable y de fácil instalación. Te permitirá accionar la apertura y el cierre del caudal con una sola mano.

Flexible y giratorio
Su giro de 360º hará que puedas ajustar la dirección y el ángulo del grifo. Es ideal para lavaplatos grandes o dobles.

Ahorrá agua, evitá salpicaduras
El aireador hace que la salida del agua sea espumosa, suave y con menos presión. Esto minimiza las salpicaduras y posibilita un ahorro de hasta un 50. ¿No es genial?

Minimalismo en tu cocina
El metal es un material lleno de ventajas: higiénico, resistente y anticorrosivo. Además, es elegante y aporta un estilo moderno y minimalista.

Extendé tus posibilidades
Con pico extensible, este grifo te va a dar mayor practicidad para llegar a donde necesites. Evitá derrames y mantené tu espacio siempre limpio.

_______________________________________________________________

CARACTERÍSTICAS:

- - Doble Salida: Pico Giratorio y Rociador flexible
- - Sistema de 360º para ambas salidas
- - Cierre cerámico, (la mas alta tecnología)
- - Incluye flexibles de alta calidad y Soportes (lista para instalar)
- - Color: Cromado brillante Inalterable
- - Peso: 2.8 kg
- - Altura: 55 cm
- - Pico con aireador (lo que permite ahorrar un 50 de agua agregándole aire a la caída el agua)
- - Diseño Italiano
- -La rosca a la mesa es de 32mm de diámetro (1 y 1/4”)


SE ENTREGA CON:

- 1x Canilla
- flexibles y soportes

_______________________________________________________________

1 AÑO DE GARANTÍA OFICIAL DE FÁBRICA.



Para que podamos enviarte tu producto por moto en el día OCA ó por micro, elegí la opción de “Retiro en Domicilio del vendedor” y luego ponete en contacto con nosotros para coordinar.

NUESTROS PRODUCTOS:

En el siguiente link podés ver todos los productos que desde Bidcom publicamos en MercadoLibre:

https://listado.mercadolibre.com.ar/gadnic_Tienda_gadnic_af_to

Tablets - Notebooks - Drones - Cámaras de Seguridad - Proyectores - Handies - Cámaras de deportes - TV Box - Contadoras de Billetes - Aspiradoras Robot - Smartwatches - Lentes VR - Patinetas Eléctricas - DJI - Órganos Eléctricos - Autos a Radio Control - Tocadiscos - y mucho más.

_______________________________________________________________


Hacenos todas las consultas que tengas, para nosotros es un placer ayudarte.

Estamos Online para todo lo que necesites

BIDCOM",https://http2.mlstatic.com/D_NQ_NP_786746-MLA69075456210_042023-O.webp,https://articulo.mercadolibre.com.ar/MLA-1138738620-griferia-canilla-gadnic-cocina-doble-funcion-55-cm-premium-_JM#position=36&search_layout=grid&type=item&tracking_id=fe932aab-82af-4eb7-b666-9babba016887,MercadoLíder Platinum,4.2,"Marca:Gadnic, Modelo:Grififa"
Grifo de cocina doble comando FV B1P Arizona Plus 0409.02/B1P cromo,30683,"La marca FV es un referente en el rubro de las griferías porque ofrece productos confortables y decorativos desde hace casi 100 años. El modelo 0409.02/B1P es una solución estética y de gran calidad para tu hogar.

Diseño tradicional
El sistema doble comando tiene dos vías: una para el agua caliente y otra para el agua fría. Te permitirá elegir la temperatura de manera práctica y sencilla.

Flexible y giratorio
Su giro de 360º hará que puedas ajustar la dirección y el ángulo del grifo. Es ideal para lavaplatos grandes o dobles.

Minimalismo en tu cocina
El metal es un material lleno de ventajas: higiénico, resistente y anticorrosivo. Además, es elegante y aporta un estilo moderno y minimalista.",https://http2.mlstatic.com/D_NQ_NP_799544-MLA40070782653_122019-O.webp,https://www.mercadolibre.com.ar/grifo-de-cocina-doble-comando-fv-b1p-arizona-plus-040902b1p-cromo/p/MLA9343806?pdp_filters=category:MLA53260#searchVariation=MLA9343806&position=7&search_layout=grid&type=product&tracking_id=fe932aab-82af-4eb7-b666-9babba016887,MercadoLíder Platinum,4.4,"Marca:FV, Línea:B1P Arizona Plus, Modelo:0409.02/B1P, Color:Cromo, Modelo detallado:0409.02/B1P-CR"
Griferia Canilla Cocina Extensible Doble Comando Mesada 2 Ag,9999,"Grifería de mesada para cocina doble comando.

En Centralfer Boedo S.A.

Características:
• Material: Cuerpo de bronce con terminación de excelente cromado.
• Extensible (fijarse en última foto para las medidas)
• Uso: Para cocina
• Material de alta calidad-El accesorio de agua está hecho de metal resistente y tiene una larga vida útil.
• El grifo de agua es duradero con revestimiento de cromo, fácil de mantener y fácil de limpiar
• Fácil montaje automático.

Dimensiones:
- Ancho total: 24cm
- Profundidad: 12,5 cm
- Diámetro de rosca: 1/2""


CENTRALFER BOEDO S.A.

HORARIOS:
LUNES A VIERNES 8.30 A 13 Y DE 14.30 A 20
SABADOS DE 8.30 A 14 Y DE 15.30 A 19.



SI TU PEDIDO ES URGENTE: Envios en el dia. Moto privada para todo capital federal y GBA

- Capital Federal: Envios en el dia por Flex
- GBA consultar costo de envio
- Envios por Mercado Envios


• Mercado lider PLATINUM
• Somos distribuidores oficiales de la marca en toda Argentina.
• Empresa líder con amplia trayectoria en el rubro.
• Empresa líder trabajando junto a Mercado Libre desde sus inicios hace más de 12 años.


• Personal capacitado para ofrecer asistencia inmediata
• Garantía por escrito
• Servicie propio


ESTAMOS A 5 CUADRAS DE LA ESTACION BOEDO DEL SUBTE E.


NO ES NECESARIO CONSULTAR STOCK: SI LO VES PUBLICADO ES PORQUE HAY DISPONIBILIDAD",https://http2.mlstatic.com/D_NQ_NP_684125-MLA32139326993_092019-O.webp,https://articulo.mercadolibre.com.ar/MLA-814044926-griferia-canilla-cocina-extensible-doble-comando-mesada-2-ag-_JM#position=37&search_layout=grid&type=item&tracking_id=fe932aab-82af-4eb7-b666-9babba016887,MercadoLíder Platinum,3.4,"Marca:BRASCO, Modelo:bfa30301"
Grifo de cocina doble comando FV B2P Newport Plus 0413/B2P cromo,27273,"La marca FV es un referente en el rubro de las griferías porque ofrece productos confortables y decorativos desde hace casi 100 años. El modelo 0413/B2P es una solución estética y de gran calidad para tu hogar.

Diseño tradicional
El sistema doble comando tiene dos vías: una para el agua caliente y otra para el agua fría. Te permitirá elegir la temperatura de manera práctica y sencilla.

Flexible y giratorio
Su giro de 360º hará que puedas ajustar la dirección y el ángulo del grifo. Es ideal para lavaplatos grandes o dobles.

Minimalismo en tu cocina
El metal es un material lleno de ventajas: higiénico, resistente y anticorrosivo. Además, es elegante y aporta un estilo moderno y minimalista.",https://http2.mlstatic.com/D_NQ_NP_842810-MLA32043988277_092019-O.webp,https://www.mercadolibre.com.ar/grifo-de-cocina-doble-comando-fv-b2p-newport-plus-0413b2p-cromo/p/MLA7984957?pdp_filters=category:MLA53260#searchVariation=MLA7984957&position=8&search_layout=grid&type=product&tracking_id=fe932aab-82af-4eb7-b666-9babba016887,MercadoLíder Platinum,4.6,"Marca:FV, Línea:B2P Newport Plus, Modelo:0413/B2P, Color:Cromo, Modelo detallado:0413/B2P-CR"
Griferia Canilla Monoagujero 2 Aguas Cierre Ceramico G122,19190,"Descubre la elegancia y funcionalidad de la Grifería Canilla Monoagujero 2 Aguas Cierre Cerámico G122 de Tauro. Diseñada para brindar estilo y practicidad a tu cocina, esta grifería de doble comando te permite controlar el flujo de agua caliente y fría de manera independiente, garantizando la temperatura perfecta para tus necesidades. Su acabado cromado y color plateado aportan un toque sofisticado a tu mesada, mientras que su material de metal de alta calidad asegura durabilidad y resistencia al uso diario. Con un solo agujero para una fácil instalación, esta grifería incluye un aireador que reduce el consumo de agua y evita salpicaduras, contribuyendo al cuidado del medio ambiente y a mantener tu cocina limpia. Aunque no incluye filtro de agua, su función de mezclador te permitirá disfrutar de la comodidad de tener agua a la temperatura deseada en todo momento. No esperes más para renovar tu cocina con la Grifería Canilla Monoagujero 2 Aguas Cierre Cerámico G122 de Tauro.",https://http2.mlstatic.com/D_NQ_NP_630463-MLA52066422256_102022-O.webp,https://www.mercadolibre.com.ar/griferia-canilla-monoagujero-2-aguas-cierre-ceramico-g122/p/MLA19916233?pdp_filters=category:MLA53260#searchVariation=MLA19916233&position=9&search_layout=grid&type=product&tracking_id=fe932aab-82af-4eb7-b666-9babba016887,MercadoLíder Platinum,4.7,"Marca:Tauro, Modelo:GRI 122, Color:Plateado, Acabado:Cromado"
Grifo de cocina doble comando Aqualaf AQ7000 19001 cromo,14321,"Sin dudas, la cocina es uno de los lugares más transitados de la casa y, por ello, es muy importante elegir la grifería que se adapte a las necesidades de uso. La marca Aqualaf ofrece un diseño cómodo y práctico que te permitirá regular la salida de agua cuando laves platos, cocines, etc.

Diseño tradicional
El sistema doble comando tiene dos vías: una para el agua caliente y otra para el agua fría. Te permitirá elegir la temperatura de manera práctica y sencilla.

Ahorrá agua, evitá salpicaduras
El aireador hace que la salida del agua sea espumosa, suave y con menos presión. Esto minimiza las salpicaduras y posibilita un ahorro de hasta un 30 %. ¿No es genial?",https://http2.mlstatic.com/D_NQ_NP_704991-MLA44219870160_122020-O.webp,https://www.mercadolibre.com.ar/grifo-de-cocina-doble-comando-aqualaf-aq7000-19001-cromo/p/MLA9338090?pdp_filters=category:MLA53260#searchVariation=MLA9338090&position=13&search_layout=grid&type=product&tracking_id=fe932aab-82af-4eb7-b666-9babba016887,MercadoLíder Platinum,4.4,"Marca:Aqualaf, Línea:AQ7000, Modelo:19001, Color:Cromo"
Canilla Mezcladora Plástica Mesada Cocina Itepa,2936,"El paseo Berazategui

Ventas por mayor y menor

Canilla mezcladora para mesada",https://http2.mlstatic.com/D_NQ_NP_628359-MLA70232687958_072023-O.webp,https://articulo.mercadolibre.com.ar/MLA-1112800480-canilla-mezcladora-plastica-mesada-cocina-itepa-_JM#position=38&search_layout=grid&type=item&tracking_id=fe932aab-82af-4eb7-b666-9babba016887,MercadoLíder Platinum,4.2,"Marca:itepa, Modelo:Mm-ba, Acabado:Brillante"
Griferia Cocina Mesada Cierre Cerámico Canilla Doble Mando,22422,"* Aireador
* Repuestos universales.
* Pico giratorio.
* Cierre Cerámico
* Cuerpo Metalico Cromado
* Volante Metalico.
* Articulo 8577.
* Marca Mozart

Sanitarios Varela
¡Somos MercadoLider PLATINUM!
**Visite nuestros productos**
https://eshops.mercadolibre.com.ar/SANITARIOSVARELA

* Si esta publicado Tenemos stock
(salvo productos a medida)
* El precio publicado incluye I.V.A.
* Realizamos facturas A y B
NO Somos Agentes de percepción IIBB.
* Nuestros productos son de primera y poseen
garantía del fabricante.

Envíos:

A- Mercado Envíos Estándar:
Los envíos son por correo, podes ver costos
y tiempo de entrega ingresando tu código postal.

B- Envíos en el día:
Se despachan a logística a las 12am y se entregan
de 15 a 20hr. (No se puede coordinar horario)
En caso que no llegue, pasa al otro día como prioritario.

C- Andreani o Logística Propia:
Dejanos tu Código Postal y barrio, para cotizar.
Horarios Para Retirar
Lunes a Sábado de 8:30 A 14:30 hs.
Estamos en Gran buenos Aires zona Sur
Local a la calle en Florencio Varela",https://http2.mlstatic.com/D_NQ_NP_946758-MLA49614461241_042022-O.webp,https://articulo.mercadolibre.com.ar/MLA-864576253-griferia-cocina-mesada-cierre-ceramico-canilla-doble-mando-_JM#position=39&search_layout=grid&type=item&tracking_id=fe932aab-82af-4eb7-b666-9babba016887,MercadoLíder Platinum,4.8,"Marca:Mozart, Modelo:8577"
Grifo de cocina doble comando Piazza Village 31410 cromo acabado cromado,22699,"Sin dudas, la cocina es uno de los lugares más transitados de la casa y, por ello, es muy importante elegir la grifería que se adapte a las necesidades de uso. La marca Piazza ofrece un diseño cómodo y práctico que te permitirá regular la salida de agua cuando laves platos, cocines, etc.

Diseño tradicional
El sistema doble comando tiene dos vías: una para el agua caliente y otra para el agua fría. Te permitirá elegir la temperatura de manera práctica y sencilla.

Flexible y giratorio
Su giro de 360º hará que puedas ajustar la dirección y el ángulo del grifo. Es ideal para lavaplatos grandes o dobles.

Ahorrá agua, evitá salpicaduras
El aireador hace que la salida del agua sea espumosa, suave y con menos presión. Esto minimiza las salpicaduras y posibilita un ahorro de hasta un 30 %. ¿No es genial?

Minimalismo en tu cocina
El metal es un material lleno de ventajas: higiénico, resistente y anticorrosivo. Además, es elegante y aporta un estilo moderno y minimalista.",https://http2.mlstatic.com/D_NQ_NP_954082-MLA40850629028_022020-O.webp,https://www.mercadolibre.com.ar/grifo-de-cocina-doble-comando-piazza-village-31410-cromo-acabado-cromado/p/MLA9305965?pdp_filters=category:MLA53260#searchVariation=MLA9305965&position=14&search_layout=grid&type=product&tracking_id=fe932aab-82af-4eb7-b666-9babba016887,MercadoLíder Platinum,4.5,"Marca:Piazza, Línea:Village, Modelo:31410, Color:Cromo, Acabado:Cromado"
FV B1P Arizona Plus 0409/B1P - Cromo,29529,"Renueva tu cocina con el elegante y funcional grifo de cocina doble comando FV B1P Arizona Plus 0409/B1P en color cromo. Este grifo de alta calidad está fabricado en metal resistente, garantizando durabilidad y un acabado brillante que realzará el aspecto de tu espacio. Su diseño de doble comando te permite controlar el flujo y la temperatura del agua de manera independiente, brindándote mayor comodidad y precisión al momento de lavar tus utensilios. Además, su sistema mezclador te permite obtener la temperatura ideal para tus necesidades, mientras que su compatibilidad con calefón asegura un suministro constante de agua caliente. Gracias a su diseño giratorio, podrás dirigir el flujo de agua hacia diferentes áreas del fregadero, facilitando la limpieza y el enjuague de tus utensilios. El grifo FV B1P Arizona Plus se instala fácilmente en la pared y cuenta con dos agujeros para una fijación segura. Su cierre de compresión y mango cilíndrico ofrecen un manejo suave y preciso, convirtiendo a este grifo en la opción ideal para mejorar la funcionalidad y estética de tu cocina.",https://http2.mlstatic.com/D_NQ_NP_982756-MLA41561019227_042020-O.webp,https://www.mercadolibre.com.ar/fv-b1p-arizona-plus-0409b1p-cromo/p/MLA9337391?pdp_filters=category:MLA53260#searchVariation=MLA9337391&position=15&search_layout=grid&type=product&tracking_id=fe932aab-82af-4eb7-b666-9babba016887,MercadoLíder Platinum,4.6,"Marca:FV, Línea:B1P Arizona Plus, Modelo:0409/B1P, Color:Cromo, Modelo detallado:0409/B1P-CR"
Grifería Canilla De Pared 20cm Mezcladora Grande,27260,"Sin dudas, la cocina es uno de los lugares más transitados de la casa y, por ello, es muy importante elegir la grifería que se adapte a las necesidades de uso. La marca Tauro ofrece un diseño cómodo y práctico que te permitirá regular la salida de agua cuando laves platos, cocines, etc.

Diseño tradicional
El sistema doble comando tiene dos vías: una para el agua caliente y otra para el agua fría. Te permitirá elegir la temperatura de manera práctica y sencilla.

Ahorrá agua, evitá salpicaduras
El aireador hace que la salida del agua sea espumosa, suave y con menos presión. Esto minimiza las salpicaduras y posibilita un ahorro de hasta un 30 %. ¿No es genial?

Minimalismo en tu cocina
El metal es un material lleno de ventajas: higiénico, resistente y anticorrosivo. Además, es elegante y aporta un estilo moderno y minimalista.",https://http2.mlstatic.com/D_NQ_NP_914086-MLA50936917596_072022-O.webp,https://www.mercadolibre.com.ar/griferia-canilla-de-pared-20cm-mezcladora-grande/p/MLA21208605?pdp_filters=category:MLA53260#searchVariation=MLA21208605&position=16&search_layout=grid&type=product&tracking_id=fe932aab-82af-4eb7-b666-9babba016887,MercadoLíder Platinum,4.6,"Marca:Tauro, Modelo:Mezcladora Grande - J, Color:Plateado, Acabado:Brillante"
Grifo de cocina doble comando FV 15 Allegro 0416/15 cromo,38990,"La marca FV es un referente en el rubro de las griferías porque ofrece productos confortables y decorativos desde hace casi 100 años. El modelo 0416/15 es una solución estética y de gran calidad para tu hogar.

Diseño tradicional
El sistema doble comando tiene dos vías: una para el agua caliente y otra para el agua fría. Te permitirá elegir la temperatura de manera práctica y sencilla.

Flexible y giratorio
Su giro de 360º hará que puedas ajustar la dirección y el ángulo del grifo. Es ideal para lavaplatos grandes o dobles.

Ahorrá agua, evitá salpicaduras
El aireador hace que la salida del agua sea espumosa, suave y con menos presión. Esto minimiza las salpicaduras y posibilita un ahorro de hasta un 30 %. ¿No es genial?",https://http2.mlstatic.com/D_NQ_NP_818941-MLA41960311814_052020-O.webp,https://www.mercadolibre.com.ar/grifo-de-cocina-doble-comando-fv-15-allegro-041615-cromo/p/MLA9322049?pdp_filters=category:MLA53260#searchVariation=MLA9322049&position=17&search_layout=grid&type=product&tracking_id=fe932aab-82af-4eb7-b666-9babba016887,MercadoLíder Platinum,4.5,"Marca:FV, Línea:15 Allegro, Modelo:0416/15, Color:Cromo, Modelo detallado:0416/15-CR"
Griferia Canilla Pared Monocomando Cocina Lavadero Pico Bajo,16399,"SOMOS ULI JANUIOT.

GRIFERIA MONOCOMANDO DE PARED COCINA / LAVADERO PICO BAJO:

* Cierre Cerámico.
* Material: Metal.
* Pico bajo comando con Aireador Espumante (evita salpicar y ahorra consumo de
agua).
* Pico Bajo Móvil (rosca standard de 3/4).
* Manija del Monocomado Metálica.
* Monocomando de Pared.
* Ideal para Cocina y Lavadero.
* Repuestos Universales.
* INCLUYE: 2 Campanas,
2 Juntas,
2 Codos Excéntricos
* MEDIDAS:
Distancia entre los Centros es de 15 cm.
Largo del Mococomando 18cm.
Distancia desde la pared a la punta del pico (profundidad) 26cm.
Largo del pico solo 24cm.
Altura: 11.5cm.
Ancho del pico: 2.5cm.
Largo de la manija: 10.8cm

Las imágenes son ilustrativas, el producto puede tener variaciones dependiendo del distribuidor/marca sin afectar las funciones y calidad del mismo.

EMITIMOS FACTURA A Y B.

VENTAS POR MAYOR Y MENOR.

LA MERCADERIA TIENE GARANTIA DE FUNCIONAMIENTO NO POR ROTURAS POR MAL USO DEL PRODUCTO.

ATENCIÓN !!!!!!

Antes de realizar la compra, realiza todas las consultas necesarias en la sección preguntas, te responderemos enseguida.
Luego de realizar la compra, te llegará un mail automáticamente con nuestros datos para poder coordinar la entrega. Verifica que tus datos registrados en Mercado Libre estén actualizados.

MEDIOS DE PAGO :

* MERCADOPAGO: acepta todas las Tarjetas de Crédito (Visa, Mastercard, Amex)
de cualquier banco. Consulta a tu banco por cuotas sin interés y promociones.
La acreditación es inmediata.
* RAPIPAGO, PAGOFACIL, PROVINCIANET o RED LINK: la acreditación demora
hasta 48hs hábiles.

PODES RETIRAR EL PRODUCTO POR NUESTRAS OFICINAS.
PARA SU RETIRO INMEDIATO POR NUESTRAS OFICINAS DE ONCE (CABA) :
HORARIO: Lunes a Viernes de 9 hs. a 18 hs.
Sábado, Domingo y Feriados NO ABRIMOS.

ENVIOS:

* MERCADO ENVIOS: El costo y tiempo estimado del envío lo podes calcular
desde la publicación con tu código postal, haciendo click en ""Consultar Costo"".

* MOTO MENSAJERIA: Hacemos envíos dentro de Capital Federal en el día.
CONSULTAR COSTO !!!!!!

* ENCOMIENDAS: Realizamos envíos a todo el país por varias empresas
(consultar). El mismo se abona en destino. Cobramos $100 de embalaje y
despacho.

Estamos ubicados en el barrio de Once, cerca de la estación Pasteur-Amia de la línea B de subte y de las estaciones Pasco/Alberti de la línea A de subte, a pocas cuadras de la estación de tren de Once.

Todos nuestros productos poseen garantía.

SOMOS ULI JANUIOT.",https://http2.mlstatic.com/D_NQ_NP_729783-MLA69801887780_062023-O.webp,https://articulo.mercadolibre.com.ar/MLA-925429076-griferia-canilla-pared-monocomando-cocina-lavadero-pico-bajo-_JM#position=40&search_layout=grid&type=item&tracking_id=fe932aab-82af-4eb7-b666-9babba016887,MercadoLíder Platinum,4.4,"Marca:ULI, Modelo:MEZCLADORA ARCO"
Grifo de cocina doble comando FV G5 Oberá 0414/G5 cromo,33790,"La marca FV es un referente en el rubro de las griferías porque ofrece productos confortables y decorativos desde hace casi 100 años. El modelo 0414/G5 es una solución estética y de gran calidad para tu hogar.

Diseño tradicional
El sistema doble comando tiene dos vías: una para el agua caliente y otra para el agua fría. Te permitirá elegir la temperatura de manera práctica y sencilla.

Flexible y giratorio
Su giro de 360º hará que puedas ajustar la dirección y el ángulo del grifo. Es ideal para lavaplatos grandes o dobles.

Ahorrá agua, evitá salpicaduras
El aireador hace que la salida del agua sea espumosa, suave y con menos presión. Esto minimiza las salpicaduras y posibilita un ahorro de hasta un 30 %. ¿No es genial?

Minimalismo en tu cocina
El metal es un material lleno de ventajas: higiénico, resistente y anticorrosivo. Además, es elegante y aporta un estilo moderno y minimalista.",https://http2.mlstatic.com/D_NQ_NP_645624-MLA42252653369_062020-O.webp,https://www.mercadolibre.com.ar/grifo-de-cocina-doble-comando-fv-g5-obera-0414g5-cromo/p/MLA15762090?pdp_filters=category:MLA53260#searchVariation=MLA15762090&position=18&search_layout=grid&type=product&tracking_id=fe932aab-82af-4eb7-b666-9babba016887,MercadoLíder Platinum,4.6,"Marca:FV, Línea:G5 Oberá, Modelo:0414/G5, Color:Cromo, Modelo detallado:0414/G5-CR"
FV B6 Pampa 0409.02/B6 - Cromo,35200,"Renueva tu cocina con este elegante grifo de cocina FV B6 Pampa 0409.02/B6 en color cromo. Su diseño de doble comando te permite controlar la temperatura del agua con facilidad, mientras que su material de metal garantiza durabilidad y resistencia. Al ser apto para calefón, podrás disfrutar de agua caliente en cualquier momento. Además, su función de mezclador te permite combinar agua fría y caliente según tus necesidades. Gracias a su aireador incorporado, el flujo de agua será suave y constante, evitando salpicaduras. El grifo es giratorio, lo que facilita su uso en diferentes áreas del fregadero. Su instalación en pared y su diseño cilíndrico lo hacen perfecto para cualquier estilo de cocina. No esperes más para disfrutar de la calidad y funcionalidad que este grifo FV B6 Pampa te ofrece.",https://http2.mlstatic.com/D_NQ_NP_860129-MLA27468746602_052018-O.webp,https://www.mercadolibre.com.ar/fv-b6-pampa-040902b6-cromo/p/MLA9305963?pdp_filters=category:MLA53260#searchVariation=MLA9305963&position=19&search_layout=grid&type=product&tracking_id=fe932aab-82af-4eb7-b666-9babba016887,MercadoLíder Platinum,4.4,"Marca:FV, Línea:B6 Pampa, Modelo:0409.02/B6, Color:Cromo, Modelo detallado:0409.02/B6-CR"
Tc6027 Canilla Griferia Doble Comando Cisne Mesada Cocina,7979,"- Mezcladora De Agua Fría y Caliente.
- Material: Metal Con Terminación De Excelente Cromado
- Ideal Para Cocina, Lavadero, Bar.
- Pico Móvil Giratorio De Acero Inoxidable.
- Aireador Espumante ( Evita Salpicar El Agua Y Ahorra El Consumo De Agua)
- Se Puede Desenroscar El pico para Instalar Filtro
- Medidas en la Segunda Foto",https://http2.mlstatic.com/D_NQ_NP_623854-MLA49210837789_022022-O.webp,https://articulo.mercadolibre.com.ar/MLA-1125004540-tc6027-canilla-griferia-doble-comando-cisne-mesada-cocina-_JM#position=41&search_layout=grid&type=item&tracking_id=fe932aab-82af-4eb7-b666-9babba016887,MercadoLíder Platinum,4.1,"Marca:Genérica, Línea:Cocina, Modelo:TC6027 / QS2702, Acabado:Brillante"
Grifería Canilla Cocina Pared Hydros Merida Cromado Me3006,17990,"-- TECNOFAST --
El SHOPPING ONLINE PARA TODA LA FAMILIA
* Somos Mercado Lider Platinum *

************************************************************************************************

GRIFERIA COCINA LAVADERO EXTERIOR PICO ALTO MERIDA HYDROS
MODELO: ME3006

Características:
• Marca: Hydros
• Lineas: Merida
• Modelo: ME3006
• Cuerpo y Pico metal cromado
• Volantes ABS cromados
• Campanas de ABS Cromo
• Cuadro y vastagos de bronce
• Pico Giratorio 360º
• Cierre Compresión (convencional)
• Distancia entre centros 15,5cm (-+13/18,5cm)*
• Altura total 24cm
• Largo total 18cm
• Incluye *Excentricos que permiten regular la distancia de los caños
• Excelente Cromado
• Colocación: Pared
• Incluye aireador
• Fabricacion Nacional
• Garantia: 5 Años

************************************************************************************************
MERCADO ENVÍOS:

- Normal a domicilio: El camión de Mercado Libre recoge su pedido dentro de las 24 hs hábiles de acreditada la compra. El transporte es tercerizado y realiza las entregas dentro del horario comercial, de 9 a 18 hs (NO contamos con la posibilidad de solicitar días u horarios específicos)

- Rápido a Domicilio : Las entregas se realizan de 13 a 19 hs (aproximadamente). Se entregará dependiendo de la hoja de ruta. Puede recibir la compra cualquier mayor de edad con DNI en el domicilio indicado al realizar la compra.

- FULL: Cuando la publicación indica que es ""FULL"" es Mercado Libre quien se encarga de la logística del despacho ya que tienen ese producto en su depósito.

************************************************************************************************
RETIRO POR NUESTRO LOCAL

*- Para efectuar el retiro o entrega de mercadería, se deberá presentar DNI y ser mayor de 18 años.

*- Para autorizar a un tercero a retirar su compra en nuestro local, deberá indicar por mensajeria privada de Mercado Libre: Nombre/Apellido y Nro DNI del autorizado/a. (Por seguridad, de otra forma no realizaremos la entrega).

************************************************************************************************
UBICACIÓN Y HORARIO DE ATENCIÓN

- Para las publicaciones que cuentan con la opcion de ""Retiro en domicilio del vendedor"", nuestro local se encuentra ubicado en Capital Federal, zona de Villa Devoto, a dos cuadras de la cancha de All Boys.
- Nuestro horario de atención es de lunes a viernes de 9:00 a 17:30 horas y sábados de 9:00 a 13:30 horas.

SERVICIO TÉCNICO

- De lunes a viernes de 9hs a 16hs
- Sábados de 9 a 12hs

************************************************************************************************
FORMAS DE PAGO Y FACTURACIÓN

ATENCION: Tené en cuenta que somos AGENTES DE RETENCIÓN DE IIBB en CABA. Si solicitás factura A y el domicilio es CABA o te encuentras en el padrón de AGIP nos comunicaremos con vos para que abones las percepciones correspondientes después de tu compra y poder confeccionar la factura

- Realizamos Factura A y B:
El sistema de facturación es automático y realiza el tipo de comprobante según los datos informados al momento de efectuar la compra

- Aceptamos Mercado Pago con todos los medios de pago (Tarjeta de crédito - Tarjeta de débito - Pago Fácil - Rapipago)

************************************************************************************************
-- TECNOFAST --",https://http2.mlstatic.com/D_NQ_NP_604119-MLA54256894265_032023-O.webp,https://articulo.mercadolibre.com.ar/MLA-1294715548-griferia-canilla-cocina-pared-hydros-merida-cromado-me3006-_JM#position=42&search_layout=grid&type=item&tracking_id=fe932aab-82af-4eb7-b666-9babba016887,MercadoLíder Platinum,4.5,"Marca:Hydros, Modelo:ME3006"
Grifería Canilla Mezcladora Pared Exterior Excelente Calidad,20805,"Bienvenidos a UDG SRL! ¡Elegí Calidad, Elegí Confianza!
Villa Madero, Cerca de Crovara y General Paz
--------------------------------------------------------
Canilla Griferia Mezcladora Pared Cocina Lavadero
3 MODELOS A ELECCION EN LAS VARIANTES DE LA PUBLICACION - SEGUN DISPONIBILIDAD -

¿Qué incluye y qué tener en cuenta con éste producto?
- Incluye Canilla Griferia Mezcladora Pared Cocina Lavadero

- Cierre Ceramico
- Incluye Excéntricos
- Pico Móvil Tipo J
- Agua Fría y Agua Caliente, Mezcladora
- Para Cocina o Lavadero
- Línea Económica
- Producto Nuevo
- Medidas en imagenes secundarias.
--------------------------------------------------------
•ACLARACIÓN:
EN CASO DE COMPRAR PRODUCTOS FRÁGILES COMO LOZA, SANITARIOS, SE COBRARÁ ADICIONAL DE EMBALAJE.

•ENVIOS
- Realizamos envios a TODO EL PAIS; el sitio dispone el costo, de lo contrario debe mencionarnos su codigo postal para cotizarlo.
- Si el envío de tu compra es por FLEX (SOLO APLICA CABA Y AMBA): lo recibirás en el día en un rango de 15hs a 22hs.
- Si el envío es coordinado directamente con UDG para CABA Y AMBA dentro de las 72 hs hábiles. Para interior depende su localidad.

•RETIRO EN EL DOMICILIO
- Podes retirar en los días, horarios y dirección que te aparecen una vez hecha la compra. Tenemos un depósito/showroom a la calle.

•FORMAS DE PAGO
- Todos los medios de pago.
- Aboná hasta en 12 Cuotas con todas las tarjetas de crédito disponibles en Mercado Pago.

•FACTURACION
- Somos agentes de Percepción de IVA e IIBB. Si sos Responsable Inscripto, Exento o Monotributista es necesario que antes de comprar cargues los datos necesarios para facturar y estés atento del link de pago que te enviaremos por las percepciones. Tené en cuenta que debemos facturar antes de despachar tu pedido, por lo tanto de no pagar las percepciones (si corresponden*) haremos factura CF sin posibilidad de cambio.
- Las percepciones se calculan luego de tu compra, no es posible saber de antemano cuánto te corresponde abonar. Recaudamos tanto percepciones de IIBB como de IVA. Según tu situación fiscal te puede corresponder una, otra o ambas. Si tenés más dudas asesorate con tu contador.
- ¡Atención especial a Compras Mayoristas!

•PARA TENER EN CUENTA
- Es importante que confirmes tus datos de entrega al momento de comprar, ya que las demoras corren a partir de ese momento.
- El envío y la factura se realizan con los datos que tenés cargados en Mercado Libre. Por favor, antes de ofertar, actualiza la información de tu domicilio: calle, altura, localidad, código postal, provincia y número de teléfono de contacto; ya que con estos datos tu envío saldrá a reparto.

•GARANTIA
- Todos los productos tienen garantía. Contactate con nosotros a través de la mensajería, dentro de los 30 días efectuada la compra.

¡¡CUALQUIER OTRA DUDA, ESTAMOS A TU DISPOSICIÓN!!",https://http2.mlstatic.com/D_NQ_NP_870061-MLA54979769813_052023-O.webp,https://articulo.mercadolibre.com.ar/MLA-705622214-griferia-canilla-mezcladora-pared-exterior-excelente-calidad-_JM#position=43&search_layout=grid&type=item&tracking_id=fe932aab-82af-4eb7-b666-9babba016887,MercadoLíder Platinum,4.6,"Marca:UDG, Modelo:Pared9"
Grifería Mesada Exterior Canilla Mezcladora Premium Cromo Gx,17999,"Grifería Mesada Exterior Canilla Mezcladora Premium Cromado - Grifo / Canilla con CARTUCHO CERÁMICO - Canilla Mesada con manijas , pico movil y componentes 100% metalicos.

TIENDA GAVATEX1 - ¡Somos MercadoLider Platinum! ¡Somos uno de los mejores del sitio!

-Cierre Ceramico
-Vastagos 7cm para utilizar en todo tipo de mesadas
-Accesorios de Instalación
-Aireador (ahorra consumo y evita salpicaduras)
-Cromado de Excelente Calidad
-Pico Móvil Giratorio
-Mezcladora, Agua Fría y Agua Caliente
-Para Lavadero o Cocina
-Roscas 1/2""


""MEDIDAS SEGUN LA IMAGEN DEL PLANO PUBLICADO""

FOTOS REALES!



PAGOS
-----------------------------------------------------------
Podes pagar con todos los medios de pago disponibles en Mercado Pago.

FACTURACION
-----------------------------------------------------
Realizamos Factura A / B
Por favor enviar los datos de facturación al confirmar el pedido.
-----------------------------------------------------------
HORARIO DE ATENCIÓN
-----------------------------------------------------------
Lunes a Viernes (hábiles) de 9 a 17:00 hs

Visita nuestro eShop para conocer nuestros productos:

https://eshops.mercadolibre.com.ar/gavatex1",https://http2.mlstatic.com/D_NQ_NP_700423-MLA49877966494_052022-O.webp,https://articulo.mercadolibre.com.ar/MLA-856111114-griferia-mesada-exterior-canilla-mezcladora-premium-cromo-gx-_JM#position=44&search_layout=grid&type=item&tracking_id=fe932aab-82af-4eb7-b666-9babba016887,MercadoLíder Platinum,4.6,"Marca:GAVATEX, Modelo:Grifería Mesada Exterior Canilla Mezcladora Retro Vintage"
Griferia Grifo Canilla Cocina Pared Hydros Cromado Viva,19318,"Griferia Cocina Pared Doble Comando Hydros Viva Cromo
Modelo: 255211

Características:
- Material: Metal
- Acabado: Cromado
- Color: Cromo
- Colocación: De pared
- Comando: Doble
- Tipo de llave: Cilíndrica
- Tipo de cierre: Compresión
- Presión mínima: 0,4 kg/cm²
- Marca: Hydros
- Línea: Viva Cromo
- Modelo: 255211
- Garantía: 5 años

- Filtro aireador
- Mecanismos metálicos
- Excelente calidad de cromado
- Apto para calefón y/o termotanque

- Producto nuevo y sellado.
- Si esta Publicado es porque tenemos STOCK no necesitas consultarnos.
- Realizamos envió por mercado envió
- Ofrecemos Retiro en Persona en nuestro local de Lunes a Viernes 10:30 a 17:00 Hs. / Sábado de 11:00 a las 14:00 Hs.
- Emitimos Factura A o B

SOMOS PIDEWEB",https://http2.mlstatic.com/D_NQ_NP_704596-MLA49604959326_042022-O.webp,https://articulo.mercadolibre.com.ar/MLA-1131306840-griferia-grifo-canilla-cocina-pared-hydros-cromado-viva-_JM#position=45&search_layout=grid&type=item&tracking_id=fe932aab-82af-4eb7-b666-9babba016887,MercadoLíder Platinum,4.3,"Marca:Hydros, Línea:Viva Cromo, Modelo:Viva"
Griferia Canilla Monoagujero 2 Aguas Cierre Ceramico Tauro,19190,"CANILLA MONOAGUJERO DOS AGUAS DROP

CARACTERÍSTICAS
• Marca: Tauro
• Modelo: Drop
• Color: Cromo Brillante
• Agua: 2
• Volante Metálico
• Cartucho Cerámico
• Incluye Aireador
• Incluye: 2 Extensibles Y 1 Kit De Fijación
• Condición: Nuevo

GARANTIA
Para su total tranquilidad, las griferías TAURO, en todas sus líneas y modelos, están garantizadas contra defectos de fabricación por un periodo de 5 años a contar de la fecha de compra.

CALIDAD
Los productos TAURO son fabricados bajo estrictas normas de calidad.

INSTALACION:
- Estos productos se instalan sin soldadura
- Previo a conectar la grifería, deje correr el agua hasta que esta salga limpia y transparente
- No doble ni aplaste los flexibles
- Si está en una zona de aguas muy duras, instale un filtro o válvula anti calcárea en la red.

RECOMENDACIONES DE USO
- Desmonte y limpie periódicamente el aireador.
- Limpie periódicamente el mango de ducha, puede desarmarlo y sacar las impurezas o bien sumergirlo en vinagre con agua.
- Limpie el cromado con un paño húmedo y jabón. Nunca use detergentes fuertes, cloro, abrasivos ni escobillas.

EL PRECIO PUBLICADO CORRESPONDE ÚNICAMENTE A EL ARTÍCULO QUE ESTÁ EN LAS IMÁGENES
LAS FOTOS SON REALES Y PERTENECEN A BALDOREF.

MEDIOS DE PAGO:
Mercadopago

FORMAS DE ENVÍO:
Mercado Envíos a todo el país (Si la categoría así lo permite)
Moto mensajería (CABA y GBA)
Micros y expresos.

HORARIOS DE ATENCIÓN:
Lunes a viernes de 09:00 a 17:00
Sábados de 09:00 a 13:00

FACTURACIÓN:
Realizamos facturas “A” y “B”. Estas se realizarán CON LOS DATOS REGISTRADOS en la cuenta.
Los precios publicados incluyen IVA.

RAZONES PARA ELEGIRNOS:
Somos Mercado líder PLATINUM máxima distinción dentro del sitio otorgada gracias al excelente servicio brindado
Nos avala nuestra reputación
Brindamos atención personalizada
Contamos con atención al publico

¡Gracias por elegirnos!",https://http2.mlstatic.com/D_NQ_NP_999625-MLA49864305671_052022-O.webp,https://articulo.mercadolibre.com.ar/MLA-1135499427-griferia-canilla-monoagujero-2-aguas-cierre-ceramico-tauro-_JM#position=46&search_layout=grid&type=item&tracking_id=fe932aab-82af-4eb7-b666-9babba016887,MercadoLíder Platinum,4.7,"Marca:Tauro, Modelo:GRI 122"
Grifo de cocina doble comando FV B1P Arizona Plus 0413/B1P cromo acabado cromado,20700,"La marca FV es un referente en el rubro de las griferías porque ofrece productos confortables y decorativos desde hace casi 100 años. El modelo 0413/B1P es una solución estética y de gran calidad para tu hogar.

Diseño tradicional
El sistema doble comando tiene dos vías: una para el agua caliente y otra para el agua fría. Te permitirá elegir la temperatura de manera práctica y sencilla.

Flexible y giratorio
Su giro de 360º hará que puedas ajustar la dirección y el ángulo del grifo. Es ideal para lavaplatos grandes o dobles.

Minimalismo en tu cocina
El metal es un material lleno de ventajas: higiénico, resistente y anticorrosivo. Además, es elegante y aporta un estilo moderno y minimalista.",https://http2.mlstatic.com/D_NQ_NP_817926-MLA32043988268_092019-O.webp,https://www.mercadolibre.com.ar/grifo-de-cocina-doble-comando-fv-b1p-arizona-plus-0413b1p-cromo-acabado-cromado/p/MLA8338630?pdp_filters=category:MLA53260#searchVariation=MLA8338630&position=20&search_layout=grid&type=product&tracking_id=fe932aab-82af-4eb7-b666-9babba016887,MercadoLíder Platinum,4.6,"Marca:FV, Línea:B1P Arizona Plus, Modelo:0413/B1P, Color:Cromo, Acabado:Cromado, Modelo detallado:0413/B1P-CR"
Grifería Canilla De Cocina Fv Pampa 0413/b6 Alta,24618,"ENVÍO GRATIS a domicilio ! válido para todo el país.
Comprá ahora y recibí tu producto a través de Mercado Envíos.

Fv Pampa 0413/B6
Juego de Grifería para mesada de Cocina, Canilla con pico móvil alto, y acabado cromado.

DETALLE DEL PRODUCTO
Con Tecnología de Vástago no ascendente. Es Apto para calefón y/o termotanque.

Prestaciones:
- Fácil limpieza: Los acabados se pueden mantener como el primer día pasándoles un paño limpio con detergente o jabón neutro.
- Durablidad: Sus acabados son resistentes frente al uso diario.

Incluye:
- Juego de Grifería para Cocina
- Elementos de fijación

Garantía oficial fv por 5 años.

Listado de todos nuestros productos FV:
https://listado.mercadolibre.com.ar/fv_eshop_totalimpo

Podés ver todas nuestras ofertas en:
https://eshops.mercadolibre.com.ar/totalimpo

________________________________________

¿CÓMO COMPRAR?
Nuestros productos están en stock, comprá con tranquilidad!

1) Hacé click en Comprar .
2) Elegí la forma de pago.
3) De estar disponible, elegí dónde querés recibir tu compra y la forma de entrega.

________________________________________

¿CÓMO PAGAR?
Podés pagar con Mercado Pago y tu compra va a estar 100% protegida:
• Con Tarjeta de Crédito en hasta 12 cuotas sin interés.
• Con Tarjeta de Débito en 1 pago.
• En Efectivo en los puntos de pago: Rapipago, Pago Fácil y Carga Virtual (El sistema genera un número de código para que puedas realizar el pago).
• Mediante Transferencia bancaria con Red Link (Pagás desde tu homebanking o cajero automático).
• Con el Dinero en tu cuenta de Mercado Pago .

________________________________________

ENVÍO:
• Este producto cuenta con envío GRATIS a todo el país ! a través de Mercado Envíos.

________________________________________

¿PUEDO RETIRAR PERSONALMENTE?
Sí por supuesto, elegí la opción de retiro por domicilio del vendedor al iniciar el proceso de compra.

________________________________________

¿DONDE ESTAMOS?
En el barrio de Flores en Capital Federal (CABA), Buenos Aires.
Lunes a Viernes de 9 a 18hs.
Sábados de 9 a 12hs.

________________________________________

FACTURACIÓN
Emitimos facturas A y B.
(Debés indicarle a tu vendedor asignado con antelación cual necesitás)

________________________________________

¿QUIENES SOMOS?
TOTALIMPO
Más de 35 años en el mercado y vendedor Platinum en MercadoLibre !
• Amplio stock
• Mejor precio
• Rápida entrega
• Satisfacción garantizada

________________________________________

¿AÚN TENÉS DUDAS?
Debajo hay un espacio para hacer preguntas, responderemos a la brevedad.",https://http2.mlstatic.com/D_NQ_NP_695335-MLA32007499316_082019-O.webp,https://articulo.mercadolibre.com.ar/MLA-772370732-griferia-canilla-de-cocina-fv-pampa-0413b6-alta-_JM#position=47&search_layout=grid&type=item&tracking_id=fe932aab-82af-4eb7-b666-9babba016887,MercadoLíder Platinum,4.5,"Marca:FV, Línea:B6 Pampa, Modelo:0413/B6"
Grifo de cocina doble comando FV D7L Alerce Lever 0428/D7L cromo,72990,"La marca FV es un referente en el rubro de las griferías porque ofrece productos confortables y decorativos desde hace casi 100 años. El modelo 0428/D7L es una solución estética y de gran calidad para tu hogar.

Diseño tradicional
El sistema doble comando tiene dos vías: una para el agua caliente y otra para el agua fría. Te permitirá elegir la temperatura de manera práctica y sencilla.

Flexible y giratorio
Su giro de 360º hará que puedas ajustar la dirección y el ángulo del grifo. Es ideal para lavaplatos grandes o dobles.

Ahorrá agua, evitá salpicaduras
El aireador hace que la salida del agua sea espumosa, suave y con menos presión. Esto minimiza las salpicaduras y posibilita un ahorro de hasta un 30 %. ¿No es genial?

Minimalismo en tu cocina
El metal es un material lleno de ventajas: higiénico, resistente y anticorrosivo. Además, es elegante y aporta un estilo moderno y minimalista.

Consumo inteligente
Este grifo incorpora un cierre cerámico que ayuda a reducir el consumo de agua y requiere un mínimo mantenimiento. Cuidá tu economía y colaborá con el cuidado del ambiente.",https://http2.mlstatic.com/D_NQ_NP_677171-MLA44348586866_122020-O.webp,https://www.mercadolibre.com.ar/grifo-de-cocina-doble-comando-fv-d7l-alerce-lever-0428d7l-cromo/p/MLA13796874?pdp_filters=category:MLA53260#searchVariation=MLA13796874&position=22&search_layout=grid&type=product&tracking_id=fe932aab-82af-4eb7-b666-9babba016887,MercadoLíder Platinum,4.6,"Marca:FV, Línea:D7L Alerce Lever, Modelo:0428/D7L, Color:Cromo, Modelo detallado:0428/D7L-CR"
Grifería Canilla Mezcla Cocina Pared Plástico Ginyplast,3229,"Grifería Mezcladora Cocina Pared Plástico Ginyplast

- GRIFERIA PARED COCINA VOLANTE COPA 3AGJ BLANCA PICO MOVIL 10207 GINYPLAS

Código: 33300101


_________________________________________________________________

[FACTURACIÓN]

• IMPORTANTE: NO SE PUEDE MODIFICAR LOS DATOS DE FACTURACION CARGADOS AL MOMENTO DE LA COMPRA
• Para facturar A se debe cargar los datos al momento de comprar (NO POR MENSAJERIA)
• Somos agente de retención al facturar A se agregan percepciones.
_________________________________________________________________

[ENVÍOS/RETIROS]

• RETIRAR: Disponemos de depósito, Únicamente para retirar compras YA hechas y con CODIGO DE RETIRO
- Dirección: El talar de Pacheco (Zona norte) a cuadras de Panamericana y 197
- Horario: 11 a 15 horas
- Días: lunes a viernes (Días Hábiles)
• Envíos a CABA y GBA. A partir de las 72 hs hábiles de realizada la compra. (Consultar costo!!)
• No hacemos envío al interior con transporte propio (A excepción de las publicaciones con mercado envíos)
_________________________________________________________________

[CAMBIOS/DEVOLUCIONES]

• Los cambios y devoluciones se aceptan dentro de los 10 días hábiles siguientes a la recepción de la compra.
• Es necesario para la devolución/cambio que el/los productos estén sin uso, en perfectas condiciones. Se deberá conservar la factura y/o remito de entrega. Los productos que hayan sido instalados correrán con la garantía del fabricante.
• En caso de que se anule una compra ya despachada se deberá abonar el costo de envío.
_________________________________________________________________

[CONSIDERACIONES GENERALES]

• Revise los productos antes de firmar el remito de entrega.
• Recuerde que las entregas a domicilio se realizan siempre a pie de camión, Usted deberá contar con personal para la descarga del material.
• No aplican descuentos y/o promociones realizados en nuestros locales.
• Precio promocionado y exclusivo para ventas en Mercado Libre, incluye IVA.
• No asumimos responsabilidad de las roturas ocasionadas durante los envíos por medio del correo OCA, encomiendas o transportes expresos. Queda a cargo del comprador contratar o no los seguros que estas empresas ofrecen.",https://http2.mlstatic.com/D_NQ_NP_809625-MLA52923732092_122022-O.webp,https://articulo.mercadolibre.com.ar/MLA-1282708276-griferia-canilla-mezcla-cocina-pared-plastico-ginyplast-_JM#position=51&search_layout=grid&type=item&tracking_id=fe932aab-82af-4eb7-b666-9babba016887,MercadoLíder Platinum,3.6,"Marca:ginyplas, Modelo:Blanco"
Griferia Grifo Canilla Cocina Pared Hydros Merida Cromado,23856,"Griferia Piazza Hydros
COCINA PARED LINEA ECONOMICA

- Producto nuevo y sellado.
- Si esta Publicado es porque tenemos STOCK no necesitas consultarnos.
- Realizamos envió por mercado envió
- Ofrecemos Retiro en Persona en nuestro local de Lunes a Viernes 10:30 a 17:00 Hs. / Sábado de 11:00 a las 14:00 Hs.
- Emitimos Factura A o B

SOMOS PIDEWEB",https://http2.mlstatic.com/D_NQ_NP_697710-MLA69965029541_062023-O.webp,https://articulo.mercadolibre.com.ar/MLA-1123917202-griferia-grifo-canilla-cocina-pared-hydros-merida-cromado-_JM#position=52&search_layout=grid&type=item&tracking_id=fe932aab-82af-4eb7-b666-9babba016887,MercadoLíder Platinum,4.5,"Marca:Hydros, Modelo:ME3006"
Grifería Canilla Mezcladora Mesada Plástica Itepa,2811,Grifería Canilla Mezcladora Mesada Plástica Itepa,https://http2.mlstatic.com/D_NQ_NP_982276-MLA48278434319_112021-O.webp,https://articulo.mercadolibre.com.ar/MLA-1113076092-griferia-canilla-mezcladora-mesada-plastica-itepa-_JM#position=53&search_layout=grid&type=item&tracking_id=fe932aab-82af-4eb7-b666-9babba016887,MercadoLíder Platinum,4.4,"Marca:itepa, Modelo:Mesada"
Grifo de cocina doble comando FV 15 Allegro 0409/15 cromo,51355,"La marca FV es un referente en el rubro de las griferías porque ofrece productos confortables y decorativos desde hace casi 100 años. El modelo 0409/15 es una solución estética y de gran calidad para tu hogar.

Diseño tradicional
El sistema doble comando tiene dos vías: una para el agua caliente y otra para el agua fría. Te permitirá elegir la temperatura de manera práctica y sencilla.

Flexible y giratorio
Su giro de 360º hará que puedas ajustar la dirección y el ángulo del grifo. Es ideal para lavaplatos grandes o dobles.",https://http2.mlstatic.com/D_NQ_NP_955795-MLA46317431308_062021-O.webp,https://www.mercadolibre.com.ar/grifo-de-cocina-doble-comando-fv-15-allegro-040915-cromo/p/MLA9305338?pdp_filters=category:MLA53260#searchVariation=MLA9305338&position=23&search_layout=grid&type=product&tracking_id=fe932aab-82af-4eb7-b666-9babba016887,MercadoLíder Platinum,4.8,"Marca:FV, Línea:15 Allegro, Modelo:0409/15, Color:Cromo, Modelo detallado:0409/15-CR"
Grifo de cocina doble comando FV D7 Alerce 0428/D7 cromo acabado cromado,74602,"La marca FV es un referente en el rubro de las griferías porque ofrece productos confortables y decorativos desde hace casi 100 años. El modelo 0428/D7 es una solución estética y de gran calidad para tu hogar.

Diseño tradicional
El sistema doble comando tiene dos vías: una para el agua caliente y otra para el agua fría. Te permitirá elegir la temperatura de manera práctica y sencilla.

Flexible y giratorio
Su giro de 360º hará que puedas ajustar la dirección y el ángulo del grifo. Es ideal para lavaplatos grandes o dobles.

Ahorrá agua, evitá salpicaduras
El aireador hace que la salida del agua sea espumosa, suave y con menos presión. Esto minimiza las salpicaduras y posibilita un ahorro de hasta un 30 %. ¿No es genial?

Minimalismo en tu cocina
El metal es un material lleno de ventajas: higiénico, resistente y anticorrosivo. Además, es elegante y aporta un estilo moderno y minimalista.

Consumo inteligente
Este grifo incorpora un cierre cerámico que ayuda a reducir el consumo de agua y requiere un mínimo mantenimiento. Cuidá tu economía y colaborá con el cuidado del ambiente.",https://http2.mlstatic.com/D_NQ_NP_707539-MLA32543858665_102019-O.webp,https://www.mercadolibre.com.ar/grifo-de-cocina-doble-comando-fv-d7-alerce-0428d7-cromo-acabado-cromado/p/MLA8050792?pdp_filters=category:MLA53260#searchVariation=MLA8050792&position=24&search_layout=grid&type=product&tracking_id=fe932aab-82af-4eb7-b666-9babba016887,MercadoLíder Platinum,4.8,"Marca:FV, Línea:D7 Alerce, Modelo:0428/D7, Color:Cromo, Acabado:Cromado, Modelo detallado:0428/D7-CR"
